0xeb2123ad396FE89169129A4F7767bfB2295c9379,101
0xc999b09A180Cc2520aB147002401DC8947e11429,4001
0xfabfabfabfabfabfabfabfabfabfabfabfab0001,35
0xfabfabfabfabfabfabfabfabfabfabfabfab0002,345
0xfabfabfabfabfabfabfabfabfabfabfabfab0003,766
0xfabfabfabfabfabfabfabfabfabfabfabfab0004,87
0xfabfabfabfabfabfabfabfabfabfabfabfab0005,23
0xfabfabfabfabfabfabfabfabfabfabfabfab0006,345
0xfabfabfabfabfabfabfabfabfabfabfabfab0007,4657
0xfabfabfabfabfabfabfabfabfabfabfabfab0008,5
0xfabfabfabfabfabfabfabfabfabfabfabfab0009,50000
0xfabfabfabfabfabfabfabfabfabfabfabfab0010,1
0xfabfabfabfabfabfabfabfabfabfabfabfab0011,12
